{
    "Slide_Wifi.prefab": 0.0,
    "Star_Circle_2.prefab": 19.635,
    "Star_Circle_3.prefab": 39.270,
    "Star_Circle_4.prefab": 58.905,
    "Star_Circle_5.prefab": 78.540,
    "Star_Circle_6.prefab": 98.175,
    "Star_Circle_7.prefab": 117.810,
    "Star_Circle_8.prefab": 137.445,
    "Star_Line_3.prefab": 35.24475524475524,
    "Star_Line_4.prefab": 46.15384615384615,
    "Star_Line_5.prefab": 50.0,
    "Star_Line_6.prefab": 46.15384615384615,
    "Star_Line_7.prefab": 35.24475524475524,
    "Star_ppqq_1.prefab": 91.257272472948,
    "Star_ppqq_2.prefab": 67.18596134771799,
    "Star_ppqq_3.prefab": 56.3279369357747,
    "Star_ppqq_4.prefab": 100.08033184992627,
    "Star_ppqq_5.prefab": 123.72856605207934,
    "Star_ppqq_6.prefab": 120.6908169738911,
    "Star_ppqq_7.prefab": 111.55866230129728,
    "Star_ppqq_8.prefab": 104.54467628731126,
    "Star_pq_1.prefab": 83.22683638414529,
    "Star_pq_2.prefab": 75.81223833808545,
    "Star_pq_3.prefab": 68.39764029202563,
    "Star_pq_4.prefab": 60.983042245965805,
    "Star_pq_5.prefab": 53.56844419990598,
    "Star_pq_6.prefab": 105.47063052232477,
    "Star_pq_7.prefab": 98.05603247626493,
    "Star_pq_8.prefab": 90.64143443020511,
    "Star_S.prefab": 75.03146853146853,
    "Star_V_1.prefab": 50.931083877128756,
    "Star_V_2.prefab": 50.931083877128756,
    "Star_V_3.prefab": 50.931083877128756,
    "Star_V_4.prefab": 50.931083877128756,
    "Star_V_6.prefab": 50.931083877128756,
    "Star_V_7.prefab": 50.931083877128756,
    "Star_V_8.prefab": 50.931083877128756
}